a,b,c,d,e,f
-27,-53,-119,-41,-556,-119
-35,-61,-135,-57,-636,-135
-36,-62,-137,-59,-646,-137
-37,-63,-139,-61,-656,-139
-38,-64,-141,-63,-666,-141
-39,-65,-143,-65,-676,-143
-40,-66,-145,-67,-686,-145
-41,-67,-147,-69,-696,-147
-54,-80,-173,-95,-826,-173
-75,-101,-215,-137,-1036,-215
-76,-102,-217,-139,-1046,-217
-83,-109,-231,-153,-1116,-231
-84,-110,-233,-155,-1126,-233
-85,-111,-235,-157,-1136,-235
-86,-112,-237,-159,-1146,-237
-87,-113,-239,-161,-1156,-239
-88,-114,-241,-163,-1166,-241
-89,-115,-243,-165,-1176,-243
-99,-125,-263,-185,-1276,-263
-100,-126,-265,-187,-1286,-265
-101,-127,-267,-189,-1296,-267
-102,-128,-269,-191,-1306,-269
-118,-144,-301,-223,-1466,-301
-129,-155,-323,-245,-1576,-323
-130,-156,-325,-247,-1586,-325
-131,-157,-327,-249,-1596,-327
-132,-158,-329,-251,-1606,-329
-133,-159,-331,-253,-1616,-331
-134,-160,-333,-255,-1626,-333
-135,-161,-335,-257,-1636,-335
-136,-162,-337,-259,-1646,-337
-137,-163,-339,-261,-1656,-339
-138,-164,-341,-263,-1666,-341
-139,-165,-343,-265,-1676,-343
-140,-166,-345,-267,-1686,-345
-179,-205,-423,-345,-2076,-423
-180,-206,-425,-347,-2086,-425
-181,-207,-427,-349,-2096,-427
-182,-208,-429,-351,-2106,-429
-183,-209,-431,-353,-2116,-431
-184,-210,-433,-355,-2126,-433
-185,-211,-435,-357,-2136,-435
-186,-212,-437,-359,-2146,-437
-193,-219,-451,-373,-2216,-451
-194,-220,-453,-375,-2226,-453
-195,-221,-455,-377,-2236,-455
-196,-222,-457,-379,-2246,-457
-197,-223,-459,-381,-2256,-459
-198,-224,-461,-383,-2266,-461
-199,-225,-463,-385,-2276,-463
-200,-226,-465,-387,-2286,-465
-248,-274,-561,-483,-2766,-561
-249,-275,-563,-485,-2776,-563
-250,-276,-565,-487,-2786,-565
-251,-277,-567,-489,-2796,-567
-252,-278,-569,-491,-2806,-569
-293,-319,-651,-573,-3216,-651
-294,-320,-653,-575,-3226,-653
-307,-333,-679,-601,-3356,-679
-308,-334,-681,-603,-3366,-681
-309,-335,-683,-605,-3376,-683
-310,-336,-685,-607,-3386,-685
-311,-337,-687,-609,-3396,-687
-312,-338,-689,-611,-3406,-689
-313,-339,-691,-613,-3416,-691
-323,-349,-711,-633,-3516,-711
-324,-350,-713,-635,-3526,-713
-325,-351,-715,-637,-3536,-715
-326,-352,-717,-639,-3546,-717
-327,-353,-719,-641,-3556,-719
-328,-354,-721,-643,-3566,-721
-329,-355,-723,-645,-3576,-723
-330,-356,-725,-647,-3586,-725
-338,-364,-741,-663,-3666,-741
-25,-53,-120,-36,-558,-120
-33,-61,-136,-52,-638,-136
-34,-62,-138,-54,-648,-138
-35,-63,-140,-56,-658,-140
-36,-64,-142,-58,-668,-142
-37,-65,-144,-60,-678,-144
-38,-66,-146,-62,-688,-146
-39,-67,-148,-64,-698,-148
-40,-68,-150,-66,-708,-150
-41,-69,-152,-68,-718,-152
-53,-81,-176,-92,-838,-176
-73,-101,-216,-132,-1038,-216
-74,-102,-218,-134,-1048,-218
-75,-103,-220,-136,-1058,-220
-81,-109,-232,-148,-1118,-232
-82,-110,-234,-150,-1128,-234
-83,-111,-236,-152,-1138,-236
-84,-112,-238,-154,-1148,-238
-85,-113,-240,-156,-1158,-240
-86,-114,-242,-158,-1168,-242
-87,-115,-244,-160,-1178,-244
-88,-116,-246,-162,-1188,-246
-89,-117,-248,-164,-1198,-248
-98,-126,-266,-182,-1288,-266
-99,-127,-268,-184,-1298,-268
-100,-128,-270,-186,-1308,-270
-101,-129,-272,-188,-1318,-272
-117,-145,-304,-220,-1478,-304
-128,-156,-326,-242,-1588,-326
-129,-157,-328,-244,-1598,-328
-130,-158,-330,-246,-1608,-330
-131,-159,-332,-248,-1618,-332
-132,-160,-334,-250,-1628,-334
-133,-161,-336,-252,-1638,-336
-134,-162,-338,-254,-1648,-338
-135,-163,-340,-256,-1658,-340
-136,-164,-342,-258,-1668,-342
-137,-165,-344,-260,-1678,-344
-138,-166,-346,-262,-1688,-346
-139,-167,-348,-264,-1698,-348
-177,-205,-424,-340,-2078,-424
-178,-206,-426,-342,-2088,-426
-179,-207,-428,-344,-2098,-428
-180,-208,-430,-346,-2108,-430
-181,-209,-432,-348,-2118,-432
-182,-210,-434,-350,-2128,-434
-183,-211,-436,-352,-2138,-436
-184,-212,-438,-354,-2148,-438
-185,-213,-440,-356,-2158,-440
-186,-214,-442,-358,-2168,-442
-192,-220,-454,-370,-2228,-454
-193,-221,-456,-372,-2238,-456
-194,-222,-458,-374,-2248,-458
-195,-223,-460,-376,-2258,-460
-196,-224,-462,-378,-2268,-462
-197,-225,-464,-380,-2278,-464
-198,-226,-466,-382,-2288,-466
-199,-227,-468,-384,-2298,-468
-246,-274,-562,-478,-2768,-562
-247,-275,-564,-480,-2778,-564
-248,-276,-566,-482,-2788,-566
-249,-277,-568,-484,-2798,-568
-250,-278,-570,-486,-2808,-570
-251,-279,-572,-488,-2818,-572
-292,-320,-654,-570,-3228,-654
-293,-321,-656,-572,-3238,-656
-305,-333,-680,-596,-3358,-680
-306,-334,-682,-598,-3368,-682
-307,-335,-684,-600,-3378,-684
-308,-336,-686,-602,-3388,-686
-309,-337,-688,-604,-3398,-688
-310,-338,-690,-606,-3408,-690
-311,-339,-692,-608,-3418,-692
-312,-340,-694,-610,-3428,-694
-313,-341,-696,-612,-3438,-696
-321,-349,-712,-628,-3518,-712
-322,-350,-714,-630,-3528,-714
-323,-351,-716,-632,-3538,-716
-324,-352,-718,-634,-3548,-718
-325,-353,-720,-636,-3558,-720
-326,-354,-722,-638,-3568,-722
-327,-355,-724,-640,-3578,-724
-328,-356,-726,-642,-3588,-726
-329,-357,-728,-644,-3598,-728
-338,-366,-746,-662,-3688,-746
-23,-53,-121,-31,-560,-121
-31,-61,-137,-47,-640,-137
-32,-62,-139,-49,-650,-139
-40,-70,-155,-65,-730,-155
-41,-71,-157,-67,-740,-157
-52,-82,-179,-89,-850,-179
-71,-101,-217,-127,-1040,-217
-72,-102,-219,-129,-1050,-219
-73,-103,-221,-131,-1060,-221
-74,-104,-223,-133,-1070,-223
-79,-109,-233,-143,-1120,-233
-80,-110,-235,-145,-1130,-235
-88,-118,-251,-161,-1210,-251
-89,-119,-253,-163,-1220,-253
-100,-130,-275,-185,-1330,-275
-116,-146,-307,-217,-1490,-307
-127,-157,-329,-239,-1600,-329
-128,-158,-331,-241,-1610,-331
-175,-205,-425,-335,-2080,-425
-176,-206,-427,-337,-2090,-427
-185,-215,-445,-355,-2180,-445
-186,-216,-447,-357,-2190,-447
-191,-221,-457,-367,-2240,-457
-192,-222,-459,-369,-2250,-459
-199,-229,-473,-383,-2320,-473
-244,-274,-563,-473,-2770,-563
-245,-275,-565,-475,-2780,-565
-291,-321,-657,-567,-3240,-657
-292,-322,-659,-569,-3250,-659
-303,-333,-681,-591,-3360,-681
-304,-334,-683,-593,-3370,-683
-312,-342,-699,-609,-3450,-699
-313,-343,-701,-611,-3460,-701
-319,-349,-713,-623,-3520,-713
-320,-350,-715,-625,-3530,-715
-328,-358,-731,-641,-3610,-731
-329,-359,-733,-643,-3620,-733
-338,-368,-751,-661,-3710,-751
-21,-53,-122,-26,-562,-122
-30,-62,-140,-44,-652,-140
-31,-63,-142,-46,-662,-142
-39,-71,-158,-62,-742,-158
-40,-72,-160,-64,-752,-160
-41,-73,-162,-66,-762,-162
-51,-83,-182,-86,-862,-182
-69,-101,-218,-122,-1042,-218
-70,-102,-220,-124,-1052,-220
-71,-103,-222,-126,-1062,-222
-72,-104,-224,-128,-1072,-224
-73,-105,-226,-130,-1082,-226
-78,-110,-236,-140,-1132,-236
-79,-111,-238,-142,-1142,-238
-87,-119,-254,-158,-1222,-254
-88,-120,-256,-160,-1232,-256
-89,-121,-258,-162,-1242,-258
-99,-131,-278,-182,-1342,-278
-115,-147,-310,-214,-1502,-310
-126,-158,-332,-236,-1612,-332
-127,-159,-334,-238,-1622,-334
-174,-206,-428,-332,-2092,-428
-175,-207,-430,-334,-2102,-430
-185,-217,-450,-354,-2202,-450
-190,-222,-460,-364,-2252,-460
-191,-223,-462,-366,-2262,-462
-198,-230,-476,-380,-2332,-476
-199,-231,-478,-382,-2342,-478
-243,-275,-566,-470,-2782,-566
-244,-276,-568,-472,-2792,-568
-290,-322,-660,-564,-3252,-660
-291,-323,-662,-566,-3262,-662
-302,-334,-684,-588,-3372,-684
-303,-335,-686,-590,-3382,-686
-311,-343,-702,-606,-3462,-702
-312,-344,-704,-608,-3472,-704
-313,-345,-706,-610,-3482,-706
-318,-350,-716,-620,-3532,-716
-319,-351,-718,-622,-3542,-718
-327,-359,-734,-638,-3622,-734
-328,-360,-736,-640,-3632,-736
-338,-370,-756,-660,-3732,-756
-19,-53,-123,-21,-564,-123
-20,-54,-125,-23,-574,-125
-29,-63,-143,-41,-664,-143
-30,-64,-145,-43,-674,-145
-38,-72,-161,-59,-754,-161
-39,-73,-163,-61,-764,-163
-40,-74,-165,-63,-774,-165
-50,-84,-185,-83,-874,-185
-67,-101,-219,-117,-1044,-219
-68,-102,-221,-119,-1054,-221
-71,-105,-227,-125,-1084,-227
-72,-106,-229,-127,-1094,-229
-77,-111,-239,-137,-1144,-239
-78,-112,-241,-139,-1154,-241
-86,-120,-257,-155,-1234,-257
-87,-121,-259,-157,-1244,-259
-88,-122,-261,-159,-1254,-261
-98,-132,-281,-179,-1354,-281
-125,-159,-335,-233,-1624,-335
-126,-160,-337,-235,-1634,-337
-173,-207,-431,-329,-2104,-431
-174,-208,-433,-331,-2114,-433
-189,-223,-463,-361,-2264,-463
-190,-224,-465,-363,-2274,-465
-198,-232,-481,-379,-2354,-481
-199,-233,-483,-381,-2364,-483
-242,-276,-569,-467,-2794,-569
-243,-277,-571,-469,-2804,-571
-289,-323,-663,-561,-3264,-663
-290,-324,-665,-563,-3274,-665
-301,-335,-687,-585,-3384,-687
-302,-336,-689,-587,-3394,-689
-310,-344,-705,-603,-3474,-705
-311,-345,-707,-605,-3484,-707
-312,-346,-709,-607,-3494,-709
-317,-351,-719,-617,-3544,-719
-318,-352,-721,-619,-3554,-721
-326,-360,-737,-635,-3634,-737
-327,-361,-739,-637,-3644,-739
-337,-371,-759,-657,-3744,-759
-338,-372,-761,-659,-3754,-761
-18,-54,-126,-18,-576,-126
-28,-64,-146,-38,-676,-146
-29,-65,-148,-40,-686,-148
-37,-73,-164,-56,-766,-164
-38,-74,-166,-58,-776,-166
-39,-75,-168,-60,-786,-168
-49,-85,-188,-80,-886,-188
-66,-102,-222,-114,-1056,-222
-70,-106,-230,-122,-1096,-230
-71,-107,-232,-124,-1106,-232
-76,-112,-242,-134,-1156,-242
-77,-113,-244,-136,-1166,-244
-85,-121,-260,-152,-1246,-260
-86,-122,-262,-154,-1256,-262
-87,-123,-264,-156,-1266,-264
-97,-133,-284,-176,-1366,-284
-124,-160,-338,-230,-1636,-338
-125,-161,-340,-232,-1646,-340
-172,-208,-434,-326,-2116,-434
-173,-209,-436,-328,-2126,-436
-178,-214,-446,-338,-2176,-446
-179,-215,-448,-340,-2186,-448
-180,-216,-450,-342,-2196,-450
-181,-217,-452,-344,-2206,-452
-182,-218,-454,-346,-2216,-454
-183,-219,-456,-348,-2226,-456
-188,-224,-466,-358,-2276,-466
-189,-225,-468,-360,-2286,-468
-198,-234,-486,-378,-2376,-486
-199,-235,-488,-380,-2386,-488
-241,-277,-572,-464,-2806,-572
-288,-324,-666,-558,-3276,-666
-289,-325,-668,-560,-3286,-668
-300,-336,-690,-582,-3396,-690
-301,-337,-692,-584,-3406,-692
-309,-345,-708,-600,-3486,-708
-310,-346,-710,-602,-3496,-710
-311,-347,-712,-604,-3506,-712
-325,-361,-740,-632,-3646,-740
-326,-362,-742,-634,-3656,-742
-337,-373,-764,-656,-3766,-764
-16,-54,-127,-13,-578,-127
-27,-65,-149,-35,-688,-149
-28,-66,-151,-37,-698,-151
-36,-74,-167,-53,-778,-167
-37,-75,-169,-55,-788,-169
-38,-76,-171,-57,-798,-171
-48,-86,-191,-77,-898,-191
-64,-102,-223,-109,-1058,-223
-69,-107,-233,-119,-1108,-233
-70,-108,-235,-121,-1118,-235
-75,-113,-245,-131,-1168,-245
-76,-114,-247,-133,-1178,-247
-84,-122,-263,-149,-1258,-263
-85,-123,-265,-151,-1268,-265
-86,-124,-267,-153,-1278,-267
-96,-134,-287,-173,-1378,-287
-123,-161,-341,-227,-1648,-341
-124,-162,-343,-229,-1658,-343
-171,-209,-437,-323,-2128,-437
-172,-210,-439,-325,-2138,-439
-176,-214,-447,-333,-2178,-447
-177,-215,-449,-335,-2188,-449
-178,-216,-451,-337,-2198,-451
-179,-217,-453,-339,-2208,-453
-180,-218,-455,-341,-2218,-455
-181,-219,-457,-343,-2228,-457
-182,-220,-459,-345,-2238,-459
-187,-225,-469,-355,-2288,-469
-188,-226,-471,-357,-2298,-471
-197,-235,-489,-375,-2388,-489
-198,-236,-491,-377,-2398,-491
-240,-278,-575,-461,-2818,-575
-287,-325,-669,-555,-3288,-669
-288,-326,-671,-557,-3298,-671
-299,-337,-693,-579,-3408,-693
-300,-338,-695,-581,-3418,-695
-309,-347,-713,-599,-3508,-713
-310,-348,-715,-601,-3518,-715
-324,-362,-743,-629,-3658,-743
-325,-363,-745,-631,-3668,-745
-337,-375,-769,-655,-3788,-769
-14,-54,-128,-8,-580,-128
-26,-66,-152,-32,-700,-152
-27,-67,-154,-34,-710,-154
-36,-76,-172,-52,-800,-172
-37,-77,-174,-54,-810,-174
-47,-87,-194,-74,-910,-194
-62,-102,-224,-104,-1060,-224
-68,-108,-236,-116,-1120,-236
-69,-109,-238,-118,-1130,-238
-74,-114,-248,-128,-1180,-248
-75,-115,-250,-130,-1190,-250
-84,-124,-268,-148,-1280,-268
-85,-125,-270,-150,-1290,-270
-95,-135,-290,-170,-1390,-290
-122,-162,-344,-224,-1660,-344
-123,-163,-346,-226,-1670,-346
-170,-210,-440,-320,-2140,-440
-171,-211,-442,-322,-2150,-442
-174,-214,-448,-328,-2180,-448
-175,-215,-450,-330,-2190,-450
-181,-221,-462,-342,-2250,-462
-186,-226,-472,-352,-2300,-472
-187,-227,-474,-354,-2310,-474
-196,-236,-492,-372,-2400,-492
-197,-237,-494,-374,-2410,-494
-239,-279,-578,-458,-2830,-578
-286,-326,-672,-552,-3300,-672
-287,-327,-674,-554,-3310,-674
-298,-338,-696,-576,-3420,-696
-308,-348,-716,-596,-3520,-716
-309,-349,-718,-598,-3530,-718
-323,-363,-746,-626,-3670,-746
-324,-364,-748,-628,-3680,-748
-337,-377,-774,-654,-3810,-774
-12,-54,-129,-3,-582,-129
-25,-67,-155,-29,-712,-155
-26,-68,-157,-31,-722,-157
-35,-77,-175,-49,-812,-175
-36,-78,-177,-51,-822,-177
-46,-88,-197,-71,-922,-197
-60,-102,-225,-99,-1062,-225
-67,-109,-239,-113,-1132,-239
-68,-110,-241,-115,-1142,-241
-73,-115,-251,-125,-1192,-251
-74,-116,-253,-127,-1202,-253
-83,-125,-271,-145,-1292,-271
-84,-126,-273,-147,-1302,-273
-94,-136,-293,-167,-1402,-293
-107,-149,-319,-193,-1532,-319
-108,-150,-321,-195,-1542,-321
-109,-151,-323,-197,-1552,-323
-110,-152,-325,-199,-1562,-325
-121,-163,-347,-221,-1672,-347
-122,-164,-349,-223,-1682,-349
-137,-179,-379,-253,-1832,-379
-138,-180,-381,-255,-1842,-381
-139,-181,-383,-257,-1852,-383
-140,-182,-385,-259,-1862,-385
-141,-183,-387,-261,-1872,-387
-142,-184,-389,-263,-1882,-389
-143,-185,-391,-265,-1892,-391
-144,-186,-393,-267,-1902,-393
-145,-187,-395,-269,-1912,-395
-146,-188,-397,-271,-1922,-397
-154,-196,-413,-287,-2002,-413
-155,-197,-415,-289,-2012,-415
-156,-198,-417,-291,-2022,-417
-157,-199,-419,-293,-2032,-419
-158,-200,-421,-295,-2042,-421
-159,-201,-423,-297,-2052,-423
-160,-202,-425,-299,-2062,-425
-161,-203,-427,-301,-2072,-427
-162,-204,-429,-303,-2082,-429
-169,-211,-443,-317,-2152,-443
-170,-212,-445,-319,-2162,-445
-173,-215,-451,-325,-2192,-451
-174,-216,-453,-327,-2202,-453
-180,-222,-465,-339,-2262,-465
-185,-227,-475,-349,-2312,-475
-186,-228,-477,-351,-2322,-477
-195,-237,-495,-369,-2412,-495
-196,-238,-497,-371,-2422,-497
-202,-244,-509,-383,-2482,-509
-203,-245,-511,-385,-2492,-511
-204,-246,-513,-387,-2502,-513
-205,-247,-515,-389,-2512,-515
-206,-248,-517,-391,-2522,-517
-207,-249,-519,-393,-2532,-519
-208,-250,-521,-395,-2542,-521
-209,-251,-523,-397,-2552,-523
-210,-252,-525,-399,-2562,-525
-217,-259,-539,-413,-2632,-539
-227,-269,-559,-433,-2732,-559
-228,-270,-561,-435,-2742,-561
-233,-275,-571,-445,-2792,-571
-234,-276,-573,-447,-2802,-573
-235,-277,-575,-449,-2812,-575
-236,-278,-577,-451,-2822,-577
-237,-279,-579,-453,-2832,-579
-238,-280,-581,-455,-2842,-581
-239,-281,-583,-457,-2852,-583
-240,-282,-585,-459,-2862,-585
-241,-283,-587,-461,-2872,-587
-242,-284,-589,-463,-2882,-589
-250,-292,-605,-479,-2962,-605
-251,-293,-607,-481,-2972,-607
-252,-294,-609,-483,-2982,-609
-253,-295,-611,-485,-2992,-611
-254,-296,-613,-487,-3002,-613
-255,-297,-615,-489,-3012,-615
-256,-298,-617,-491,-3022,-617
-257,-299,-619,-493,-3032,-619
-258,-300,-621,-495,-3042,-621
-266,-308,-637,-511,-3122,-637
-267,-309,-639,-513,-3132,-639
-268,-310,-641,-515,-3142,-641
-269,-311,-643,-517,-3152,-643
-270,-312,-645,-519,-3162,-645
-271,-313,-647,-521,-3172,-647
-272,-314,-649,-523,-3182,-649
-273,-315,-651,-525,-3192,-651
-274,-316,-653,-527,-3202,-653
-281,-323,-667,-541,-3272,-667
-282,-324,-669,-543,-3282,-669
-283,-325,-671,-545,-3292,-671
-284,-326,-673,-547,-3302,-673
-285,-327,-675,-549,-3312,-675
-286,-328,-677,-551,-3322,-677
-287,-329,-679,-553,-3332,-679
-288,-330,-681,-555,-3342,-681
-289,-331,-683,-557,-3352,-683
-290,-332,-685,-559,-3362,-685
-307,-349,-719,-593,-3532,-719
-308,-350,-721,-595,-3542,-721
-322,-364,-749,-623,-3682,-749
-323,-365,-751,-625,-3692,-751
-337,-379,-779,-653,-3832,-779
-11,-55,-132,0,-594,-132
-24,-68,-158,-26,-724,-158
-25,-69,-160,-28,-734,-160
-34,-78,-178,-46,-824,-178
-35,-79,-180,-48,-834,-180
-45,-89,-200,-68,-934,-200
-59,-103,-228,-96,-1074,-228
-66,-110,-242,-110,-1144,-242
-67,-111,-244,-112,-1154,-244
-72,-116,-254,-122,-1204,-254
-73,-117,-256,-124,-1214,-256
-82,-126,-274,-142,-1304,-274
-83,-127,-276,-144,-1314,-276
-93,-137,-296,-164,-1414,-296
-109,-153,-328,-196,-1574,-328
-120,-164,-350,-218,-1684,-350
-121,-165,-352,-220,-1694,-352
-136,-180,-382,-250,-1844,-382
-137,-181,-384,-252,-1854,-384
-142,-186,-394,-262,-1904,-394
-143,-187,-396,-264,-1914,-396
-144,-188,-398,-266,-1924,-398
-145,-189,-400,-268,-1934,-400
-152,-196,-414,-282,-2004,-414
-153,-197,-416,-284,-2014,-416
-154,-198,-418,-286,-2024,-418
-155,-199,-420,-288,-2034,-420
-156,-200,-422,-290,-2044,-422
-157,-201,-424,-292,-2054,-424
-158,-202,-426,-294,-2064,-426
-159,-203,-428,-296,-2074,-428
-160,-204,-430,-298,-2084,-430
-161,-205,-432,-300,-2094,-432
-168,-212,-446,-314,-2164,-446
-169,-213,-448,-316,-2174,-448
-172,-216,-454,-322,-2204,-454
-173,-217,-456,-324,-2214,-456
-178,-222,-466,-334,-2264,-466
-179,-223,-468,-336,-2274,-468
-184,-228,-478,-346,-2324,-478
-185,-229,-480,-348,-2334,-480
-194,-238,-498,-366,-2424,-498
-195,-239,-500,-368,-2434,-500
-200,-244,-510,-378,-2484,-510
-201,-245,-512,-380,-2494,-512
-207,-251,-524,-392,-2554,-524
-208,-252,-526,-394,-2564,-526
-209,-253,-528,-396,-2574,-528
-216,-260,-542,-410,-2644,-542
-217,-261,-544,-412,-2654,-544
-226,-270,-562,-430,-2744,-562
-237,-281,-584,-452,-2854,-584
-248,-292,-606,-474,-2964,-606
-249,-293,-608,-476,-2974,-608
-255,-299,-620,-488,-3034,-620
-256,-300,-622,-490,-3044,-622
-257,-301,-624,-492,-3054,-624
-264,-308,-638,-506,-3124,-638
-265,-309,-640,-508,-3134,-640
-266,-310,-642,-510,-3144,-642
-267,-311,-644,-512,-3154,-644
-268,-312,-646,-514,-3164,-646
-269,-313,-648,-516,-3174,-648
-270,-314,-650,-518,-3184,-650
-271,-315,-652,-520,-3194,-652
-272,-316,-654,-522,-3204,-654
-273,-317,-656,-524,-3214,-656
-284,-328,-678,-546,-3324,-678
-306,-350,-722,-590,-3544,-722
-321,-365,-752,-620,-3694,-752
-322,-366,-754,-622,-3704,-754
-336,-380,-782,-650,-3844,-782
-9,-55,-133,5,-596,-133
-23,-69,-161,-23,-736,-161
-24,-70,-163,-25,-746,-163
-33,-79,-181,-43,-836,-181
-34,-80,-183,-45,-846,-183
-44,-90,-203,-65,-946,-203
-57,-103,-229,-91,-1076,-229
-65,-111,-245,-107,-1156,-245
-66,-112,-247,-109,-1166,-247
-71,-117,-257,-119,-1216,-257
-72,-118,-259,-121,-1226,-259
-81,-127,-277,-139,-1316,-277
-82,-128,-279,-141,-1326,-279
-92,-138,-299,-161,-1426,-299
-108,-154,-331,-193,-1586,-331
-119,-165,-353,-215,-1696,-353
-120,-166,-355,-217,-1706,-355
-135,-181,-385,-247,-1856,-385
-136,-182,-387,-249,-1866,-387
-144,-190,-403,-265,-1946,-403
-145,-191,-405,-267,-1956,-405
-151,-197,-417,-279,-2016,-417
-152,-198,-419,-281,-2026,-419
-167,-213,-449,-311,-2176,-449
-168,-214,-451,-313,-2186,-451
-171,-217,-457,-319,-2216,-457
-177,-223,-469,-331,-2276,-469
-178,-224,-471,-333,-2286,-471
-183,-229,-481,-343,-2336,-481
-184,-230,-483,-345,-2346,-483
-193,-239,-501,-363,-2436,-501
-194,-240,-503,-365,-2446,-503
-199,-245,-513,-375,-2496,-513
-200,-246,-515,-377,-2506,-515
-208,-254,-531,-393,-2586,-531
-209,-255,-533,-395,-2596,-533
-215,-261,-545,-407,-2656,-545
-216,-262,-547,-409,-2666,-547
-224,-270,-563,-425,-2746,-563
-225,-271,-565,-427,-2756,-565
-236,-282,-587,-449,-2866,-587
-247,-293,-609,-471,-2976,-609
-248,-294,-611,-473,-2986,-611
-256,-302,-627,-489,-3066,-627
-257,-303,-629,-491,-3076,-629
-263,-309,-641,-503,-3136,-641
-264,-310,-643,-505,-3146,-643
-283,-329,-681,-543,-3336,-681
-304,-350,-723,-585,-3546,-723
-320,-366,-755,-617,-3706,-755
-321,-367,-757,-619,-3716,-757
-336,-382,-787,-649,-3866,-787
-7,-55,-134,10,-598,-134
-22,-70,-164,-20,-748,-164
-23,-71,-166,-22,-758,-166
-32,-80,-184,-40,-848,-184
-33,-81,-186,-42,-858,-186
-43,-91,-206,-62,-958,-206
-55,-103,-230,-86,-1078,-230
-64,-112,-248,-104,-1168,-248
-65,-113,-250,-106,-1178,-250
-70,-118,-260,-116,-1228,-260
-71,-119,-262,-118,-1238,-262
-80,-128,-280,-136,-1328,-280
-81,-129,-282,-138,-1338,-282
-91,-139,-302,-158,-1438,-302
-107,-155,-334,-190,-1598,-334
-118,-166,-356,-212,-1708,-356
-119,-167,-358,-214,-1718,-358
-120,-168,-360,-216,-1728,-360
-121,-169,-362,-218,-1738,-362
-122,-170,-364,-220,-1748,-364
-123,-171,-366,-222,-1758,-366
-124,-172,-368,-224,-1768,-368
-125,-173,-370,-226,-1778,-370
-134,-182,-388,-244,-1868,-388
-135,-183,-390,-246,-1878,-390
-143,-191,-406,-262,-1958,-406
-144,-192,-408,-264,-1968,-408
-145,-193,-410,-266,-1978,-410
-150,-198,-420,-276,-2028,-420
-151,-199,-422,-278,-2038,-422
-166,-214,-452,-308,-2188,-452
-167,-215,-454,-310,-2198,-454
-170,-218,-460,-316,-2228,-460
-176,-224,-472,-328,-2288,-472
-177,-225,-474,-330,-2298,-474
-182,-230,-484,-340,-2348,-484
-183,-231,-486,-342,-2358,-486
-192,-240,-504,-360,-2448,-504
-193,-241,-506,-362,-2458,-506
-198,-246,-516,-372,-2508,-516
-199,-247,-518,-374,-2518,-518
-207,-255,-534,-390,-2598,-534
-208,-256,-536,-392,-2608,-536
-209,-257,-538,-394,-2618,-538
-214,-262,-548,-404,-2668,-548
-215,-263,-550,-406,-2678,-550
-223,-271,-566,-422,-2758,-566
-224,-272,-568,-424,-2768,-568
-235,-283,-590,-446,-2878,-590
-246,-294,-612,-468,-2988,-612
-247,-295,-614,-470,-2998,-614
-255,-303,-630,-486,-3078,-630
-256,-304,-632,-488,-3088,-632
-257,-305,-634,-490,-3098,-634
-262,-310,-644,-500,-3148,-644
-263,-311,-646,-502,-3158,-646
-282,-330,-684,-540,-3348,-684
-302,-350,-724,-580,-3548,-724
-313,-361,-746,-602,-3658,-746
-314,-362,-748,-604,-3668,-748
-315,-363,-750,-606,-3678,-750
-316,-364,-752,-608,-3688,-752
-317,-365,-754,-610,-3698,-754
-318,-366,-756,-612,-3708,-756
-319,-367,-758,-614,-3718,-758
-320,-368,-760,-616,-3728,-760
-336,-384,-792,-648,-3888,-792
-6,-56,-137,13,-610,-137
-21,-71,-167,-17,-760,-167
-22,-72,-169,-19,-770,-169
-31,-81,-187,-37,-860,-187
-32,-82,-189,-39,-870,-189
-42,-92,-209,-59,-970,-209
-53,-103,-231,-81,-1080,-231
-54,-104,-233,-83,-1090,-233
-63,-113,-251,-101,-1180,-251
-64,-114,-253,-103,-1190,-253
-69,-119,-263,-113,-1240,-263
-70,-120,-265,-115,-1250,-265
-79,-129,-283,-133,-1340,-283
-80,-130,-285,-135,-1350,-285
-90,-140,-305,-155,-1450,-305
-106,-156,-337,-187,-1610,-337
-117,-167,-359,-209,-1720,-359
-118,-168,-361,-211,-1730,-361
-119,-169,-363,-213,-1740,-363
-120,-170,-365,-215,-1750,-365
-121,-171,-367,-217,-1760,-367
-122,-172,-369,-219,-1770,-369
-123,-173,-371,-221,-1780,-371
-124,-174,-373,-223,-1790,-373
-133,-183,-391,-241,-1880,-391
-134,-184,-393,-243,-1890,-393
-142,-192,-409,-259,-1970,-409
-143,-193,-411,-261,-1980,-411
-144,-194,-413,-263,-1990,-413
-149,-199,-423,-273,-2040,-423
-150,-200,-425,-275,-2050,-425
-165,-215,-455,-305,-2200,-455
-166,-216,-457,-307,-2210,-457
-169,-219,-463,-313,-2240,-463
-175,-225,-475,-325,-2300,-475
-176,-226,-477,-327,-2310,-477
-181,-231,-487,-337,-2360,-487
-182,-232,-489,-339,-2370,-489
-191,-241,-507,-357,-2460,-507
-192,-242,-509,-359,-2470,-509
-197,-247,-519,-369,-2520,-519
-198,-248,-521,-371,-2530,-521
-207,-257,-539,-389,-2620,-539
-208,-258,-541,-391,-2630,-541
-214,-264,-553,-403,-2690,-553
-222,-272,-569,-419,-2770,-569
-234,-284,-593,-443,-2890,-593
-245,-295,-615,-465,-3000,-615
-246,-296,-617,-467,-3010,-617
-255,-305,-635,-485,-3100,-635
-256,-306,-637,-487,-3110,-637
-261,-311,-647,-497,-3160,-647
-262,-312,-649,-499,-3170,-649
-281,-331,-687,-537,-3360,-687
-282,-332,-689,-539,-3370,-689
-300,-350,-725,-575,-3550,-725
-311,-361,-747,-597,-3660,-747
-312,-362,-749,-599,-3670,-749
-313,-363,-751,-601,-3680,-751
-314,-364,-753,-603,-3690,-753
-315,-365,-755,-605,-3700,-755
-316,-366,-757,-607,-3710,-757
-317,-367,-759,-609,-3720,-759
-318,-368,-761,-611,-3730,-761
-319,-369,-763,-613,-3740,-763
-335,-385,-795,-645,-3900,-795
-6,-58,-142,14,-632,-142
-20,-72,-170,-14,-772,-170
-21,-73,-172,-16,-782,-172
-22,-74,-174,-18,-792,-174
-23,-75,-176,-20,-802,-176
-24,-76,-178,-22,-812,-178
-25,-77,-180,-24,-822,-180
-26,-78,-182,-26,-832,-182
-27,-79,-184,-28,-842,-184
-28,-80,-186,-30,-852,-186
-29,-81,-188,-32,-862,-188
-30,-82,-190,-34,-872,-190
-31,-83,-192,-36,-882,-192
-41,-93,-212,-56,-982,-212
-52,-104,-234,-78,-1092,-234
-53,-105,-236,-80,-1102,-236
-62,-114,-254,-98,-1192,-254
-63,-115,-256,-100,-1202,-256
-68,-120,-266,-110,-1252,-266
-69,-121,-268,-112,-1262,-268
-70,-122,-270,-114,-1272,-270
-71,-123,-272,-116,-1282,-272
-72,-124,-274,-118,-1292,-274
-73,-125,-276,-120,-1302,-276
-74,-126,-278,-122,-1312,-278
-75,-127,-280,-124,-1322,-280
-76,-128,-282,-126,-1332,-282
-77,-129,-284,-128,-1342,-284
-78,-130,-286,-130,-1352,-286
-79,-131,-288,-132,-1362,-288
-89,-141,-308,-152,-1462,-308
-105,-157,-340,-184,-1622,-340
-116,-168,-362,-206,-1732,-362
-117,-169,-364,-208,-1742,-364
-132,-184,-394,-238,-1892,-394
-133,-185,-396,-240,-1902,-396
-141,-193,-412,-256,-1982,-412
-142,-194,-414,-258,-1992,-414
-143,-195,-416,-260,-2002,-416
-148,-200,-426,-270,-2052,-426
-149,-201,-428,-272,-2062,-428
-164,-216,-458,-302,-2212,-458
-165,-217,-460,-304,-2222,-460
-168,-220,-466,-310,-2252,-466
-169,-221,-468,-312,-2262,-468
-174,-226,-478,-322,-2312,-478
-175,-227,-480,-324,-2322,-480
-180,-232,-490,-334,-2372,-490
-181,-233,-492,-336,-2382,-492
-190,-242,-510,-354,-2472,-510
-191,-243,-512,-356,-2482,-512
-196,-248,-522,-366,-2532,-522
-197,-249,-524,-368,-2542,-524
-206,-258,-542,-386,-2632,-542
-207,-259,-544,-388,-2642,-544
-213,-265,-556,-400,-2702,-556
-220,-272,-570,-414,-2772,-570
-221,-273,-572,-416,-2782,-572
-233,-285,-596,-440,-2902,-596
-244,-296,-618,-462,-3012,-618
-245,-297,-620,-464,-3022,-620
-254,-306,-638,-482,-3112,-638
-255,-307,-640,-484,-3122,-640
-260,-312,-650,-494,-3172,-650
-261,-313,-652,-496,-3182,-652
-280,-332,-690,-534,-3372,-690
-281,-333,-692,-536,-3382,-692
-298,-350,-726,-570,-3552,-726
-299,-351,-728,-572,-3562,-728
-316,-368,-762,-606,-3732,-762
-317,-369,-764,-608,-3742,-764
-318,-370,-766,-610,-3752,-766
-333,-385,-796,-640,-3902,-796
-5,-59,-145,17,-644,-145
-6,-60,-147,15,-654,-147
-19,-73,-173,-11,-784,-173
-20,-74,-175,-13,-794,-175
-29,-83,-193,-31,-884,-193
-30,-84,-195,-33,-894,-195
-40,-94,-215,-53,-994,-215
-51,-105,-237,-75,-1104,-237
-52,-106,-239,-77,-1114,-239
-61,-115,-257,-95,-1204,-257
-62,-116,-259,-97,-1214,-259
-67,-121,-269,-107,-1264,-269
-68,-122,-271,-109,-1274,-271
-77,-131,-289,-127,-1364,-289
-78,-132,-291,-129,-1374,-291
-88,-142,-311,-149,-1474,-311
-104,-158,-343,-181,-1634,-343
-115,-169,-365,-203,-1744,-365
-116,-170,-367,-205,-1754,-367
-131,-185,-397,-235,-1904,-397
-132,-186,-399,-237,-1914,-399
-140,-194,-415,-253,-1994,-415
-141,-195,-417,-255,-2004,-417
-142,-196,-419,-257,-2014,-419
-147,-201,-429,-267,-2064,-429
-148,-202,-431,-269,-2074,-431
-163,-217,-461,-299,-2224,-461
-164,-218,-463,-301,-2234,-463
-167,-221,-469,-307,-2264,-469
-168,-222,-471,-309,-2274,-471
-173,-227,-481,-319,-2324,-481
-174,-228,-483,-321,-2334,-483
-179,-233,-493,-331,-2384,-493
-180,-234,-495,-333,-2394,-495
-189,-243,-513,-351,-2484,-513
-190,-244,-515,-353,-2494,-515
-195,-249,-525,-363,-2544,-525
-196,-250,-527,-365,-2554,-527
-205,-259,-545,-383,-2644,-545
-206,-260,-547,-385,-2654,-547
-212,-266,-559,-397,-2714,-559
-213,-267,-561,-399,-2724,-561
-219,-273,-573,-411,-2784,-573
-220,-274,-575,-413,-2794,-575
-232,-286,-599,-437,-2914,-599
-243,-297,-621,-459,-3024,-621
-244,-298,-623,-461,-3034,-623
-253,-307,-641,-479,-3124,-641
-254,-308,-643,-481,-3134,-643
-259,-313,-653,-491,-3184,-653
-260,-314,-655,-493,-3194,-655
-279,-333,-693,-531,-3384,-693
-280,-334,-695,-533,-3394,-695
-297,-351,-729,-567,-3564,-729
-316,-370,-767,-605,-3754,-767
-317,-371,-769,-607,-3764,-769
-331,-385,-797,-635,-3904,-797
-332,-386,-799,-637,-3914,-799
-5,-61,-150,18,-666,-150
-18,-74,-176,-8,-796,-176
-19,-75,-178,-10,-806,-178
-28,-84,-196,-28,-896,-196
-29,-85,-198,-30,-906,-198
-50,-106,-240,-72,-1116,-240
-51,-107,-242,-74,-1126,-242
-60,-116,-260,-92,-1216,-260
-61,-117,-262,-94,-1226,-262
-66,-122,-272,-104,-1276,-272
-67,-123,-274,-106,-1286,-274
-76,-132,-292,-124,-1376,-292
-77,-133,-294,-126,-1386,-294
-87,-143,-314,-146,-1486,-314
-103,-159,-346,-178,-1646,-346
-114,-170,-368,-200,-1756,-368
-115,-171,-370,-202,-1766,-370
-130,-186,-400,-232,-1916,-400
-131,-187,-402,-234,-1926,-402
-139,-195,-418,-250,-2006,-418
-140,-196,-420,-252,-2016,-420
-141,-197,-422,-254,-2026,-422
-147,-203,-434,-266,-2086,-434
-148,-204,-436,-268,-2096,-436
-149,-205,-438,-270,-2106,-438
-150,-206,-440,-272,-2116,-440
-151,-207,-442,-274,-2126,-442
-152,-208,-444,-276,-2136,-444
-153,-209,-446,-278,-2146,-446
-162,-218,-464,-296,-2236,-464
-163,-219,-466,-298,-2246,-466
-166,-222,-472,-304,-2276,-472
-167,-223,-474,-306,-2286,-474
-172,-228,-484,-316,-2336,-484
-173,-229,-486,-318,-2346,-486
-178,-234,-496,-328,-2396,-496
-179,-235,-498,-330,-2406,-498
-188,-244,-516,-348,-2496,-516
-189,-245,-518,-350,-2506,-518
-194,-250,-528,-360,-2556,-528
-195,-251,-530,-362,-2566,-530
-196,-252,-532,-364,-2576,-532
-197,-253,-534,-366,-2586,-534
-198,-254,-536,-368,-2596,-536
-199,-255,-538,-370,-2606,-538
-200,-256,-540,-372,-2616,-540
-201,-257,-542,-374,-2626,-542
-202,-258,-544,-376,-2636,-544
-203,-259,-546,-378,-2646,-546
-204,-260,-548,-380,-2656,-548
-205,-261,-550,-382,-2666,-550
-212,-268,-564,-396,-2736,-564
-218,-274,-576,-408,-2796,-576
-219,-275,-578,-410,-2806,-578
-231,-287,-602,-434,-2926,-602
-242,-298,-624,-456,-3036,-624
-243,-299,-626,-458,-3046,-626
-244,-300,-628,-460,-3056,-628
-245,-301,-630,-462,-3066,-630
-246,-302,-632,-464,-3076,-632
-247,-303,-634,-466,-3086,-634
-248,-304,-636,-468,-3096,-636
-249,-305,-638,-470,-3106,-638
-250,-306,-640,-472,-3116,-640
-251,-307,-642,-474,-3126,-642
-252,-308,-644,-476,-3136,-644
-253,-309,-646,-478,-3146,-646
-259,-315,-658,-490,-3206,-658
-260,-316,-660,-492,-3216,-660
-261,-317,-662,-494,-3226,-662
-262,-318,-664,-496,-3236,-664
-263,-319,-666,-498,-3246,-666
-264,-320,-668,-500,-3256,-668
-265,-321,-670,-502,-3266,-670
-278,-334,-696,-528,-3396,-696
-279,-335,-698,-530,-3406,-698
-295,-351,-730,-562,-3566,-730
-315,-371,-770,-602,-3766,-770
-316,-372,-772,-604,-3776,-772
-330,-386,-800,-632,-3916,-800
-5,-63,-155,19,-688,-155
-17,-75,-179,-5,-808,-179
-18,-76,-181,-7,-818,-181
-27,-85,-199,-25,-908,-199
-28,-86,-201,-27,-918,-201
-49,-107,-243,-69,-1128,-243
-50,-108,-245,-71,-1138,-245
-51,-109,-247,-73,-1148,-247
-52,-110,-249,-75,-1158,-249
-53,-111,-251,-77,-1168,-251
-54,-112,-253,-79,-1178,-253
-55,-113,-255,-81,-1188,-255
-56,-114,-257,-83,-1198,-257
-57,-115,-259,-85,-1208,-259
-58,-116,-261,-87,-1218,-261
-59,-117,-263,-89,-1228,-263
-60,-118,-265,-91,-1238,-265
-65,-123,-275,-101,-1288,-275
-66,-124,-277,-103,-1298,-277
-75,-133,-295,-121,-1388,-295
-76,-134,-297,-123,-1398,-297
-86,-144,-317,-143,-1498,-317
-102,-160,-349,-175,-1658,-349
-113,-171,-371,-197,-1768,-371
-114,-172,-373,-199,-1778,-373
-129,-187,-403,-229,-1928,-403
-130,-188,-405,-231,-1938,-405
-138,-196,-421,-247,-2018,-421
-139,-197,-423,-249,-2028,-423
-140,-198,-425,-251,-2038,-425
-147,-205,-439,-265,-2108,-439
-148,-206,-441,-267,-2118,-441
-149,-207,-443,-269,-2128,-443
-150,-208,-445,-271,-2138,-445
-151,-209,-447,-273,-2148,-447
-152,-210,-449,-275,-2158,-449
-153,-211,-451,-277,-2168,-451
-154,-212,-453,-279,-2178,-453
-161,-219,-467,-293,-2248,-467
-162,-220,-469,-295,-2258,-469
-165,-223,-475,-301,-2288,-475
-166,-224,-477,-303,-2298,-477
-171,-229,-487,-313,-2348,-487
-172,-230,-489,-315,-2358,-489
-177,-235,-499,-325,-2408,-499
-178,-236,-501,-327,-2418,-501
-187,-245,-519,-345,-2508,-519
-188,-246,-521,-347,-2518,-521
-193,-251,-531,-357,-2568,-531
-194,-252,-533,-359,-2578,-533
-195,-253,-535,-361,-2588,-535
-196,-254,-537,-363,-2598,-537
-197,-255,-539,-365,-2608,-539
-198,-256,-541,-367,-2618,-541
-199,-257,-543,-369,-2628,-543
-200,-258,-545,-371,-2638,-545
-201,-259,-547,-373,-2648,-547
-202,-260,-549,-375,-2658,-549
-203,-261,-551,-377,-2668,-551
-204,-262,-553,-379,-2678,-553
-211,-269,-567,-393,-2748,-567
-217,-275,-579,-405,-2808,-579
-230,-288,-605,-431,-2938,-605
-241,-299,-627,-453,-3048,-627
-242,-300,-629,-455,-3058,-629
-243,-301,-631,-457,-3068,-631
-244,-302,-633,-459,-3078,-633
-245,-303,-635,-461,-3088,-635
-246,-304,-637,-463,-3098,-637
-247,-305,-639,-465,-3108,-639
-248,-306,-641,-467,-3118,-641
-249,-307,-643,-469,-3128,-643
-250,-308,-645,-471,-3138,-645
-251,-309,-647,-473,-3148,-647
-252,-310,-649,-475,-3158,-649
-259,-317,-663,-489,-3228,-663
-260,-318,-665,-491,-3238,-665
-261,-319,-667,-493,-3248,-667
-262,-320,-669,-495,-3258,-669
-263,-321,-671,-497,-3268,-671
-264,-322,-673,-499,-3278,-673
-265,-323,-675,-501,-3288,-675
-266,-324,-677,-503,-3298,-677
-277,-335,-699,-525,-3408,-699
-278,-336,-701,-527,-3418,-701
-293,-351,-731,-557,-3568,-731
-314,-372,-773,-599,-3778,-773
-315,-373,-775,-601,-3788,-775
-328,-386,-801,-627,-3918,-801
-5,-65,-160,20,-710,-160
-16,-76,-182,-2,-820,-182
-17,-77,-184,-4,-830,-184
-26,-86,-202,-22,-920,-202
-27,-87,-204,-24,-930,-204
-48,-108,-246,-66,-1140,-246
-49,-109,-248,-68,-1150,-248
-50,-110,-250,-70,-1160,-250
-51,-111,-252,-72,-1170,-252
-52,-112,-254,-74,-1180,-254
-53,-113,-256,-76,-1190,-256
-54,-114,-258,-78,-1200,-258
-55,-115,-260,-80,-1210,-260
-56,-116,-262,-82,-1220,-262
-57,-117,-264,-84,-1230,-264
-58,-118,-266,-86,-1240,-266
-59,-119,-268,-88,-1250,-268
-64,-124,-278,-98,-1300,-278
-65,-125,-280,-100,-1310,-280
-74,-134,-298,-118,-1400,-298
-75,-135,-300,-120,-1410,-300
-85,-145,-320,-140,-1510,-320
-101,-161,-352,-172,-1670,-352
-112,-172,-374,-194,-1780,-374
-113,-173,-376,-196,-1790,-376
-128,-188,-406,-226,-1940,-406
-129,-189,-408,-228,-1950,-408
-138,-198,-426,-246,-2040,-426
-139,-199,-428,-248,-2050,-428
-153,-213,-456,-276,-2190,-456
-154,-214,-458,-278,-2200,-458
-160,-220,-470,-290,-2260,-470
-161,-221,-472,-292,-2270,-472
-164,-224,-478,-298,-2300,-478
-165,-225,-480,-300,-2310,-480
-166,-226,-482,-302,-2320,-482
-167,-227,-484,-304,-2330,-484
-168,-228,-486,-306,-2340,-486
-169,-229,-488,-308,-2350,-488
-170,-230,-490,-310,-2360,-490
-171,-231,-492,-312,-2370,-492
-176,-236,-502,-322,-2420,-502
-177,-237,-504,-324,-2430,-504
-186,-246,-522,-342,-2520,-522
-187,-247,-524,-344,-2530,-524
-192,-252,-534,-354,-2580,-534
-210,-270,-570,-390,-2760,-570
-211,-271,-572,-392,-2770,-572
-216,-276,-582,-402,-2820,-582
-229,-289,-608,-428,-2950,-608
-240,-300,-630,-450,-3060,-630
-265,-325,-680,-500,-3310,-680
-266,-326,-682,-502,-3320,-682
-276,-336,-702,-522,-3420,-702
-277,-337,-704,-524,-3430,-704
-291,-351,-732,-552,-3570,-732
-313,-373,-776,-596,-3790,-776
-314,-374,-778,-598,-3800,-778
-326,-386,-802,-622,-3920,-802
-5,-67,-165,21,-732,-165
-15,-77,-185,1,-832,-185
-16,-78,-187,-1,-842,-187
-25,-87,-205,-19,-932,-205
-26,-88,-207,-21,-942,-207
-57,-119,-269,-83,-1252,-269
-58,-120,-271,-85,-1262,-271
-63,-125,-281,-95,-1312,-281
-64,-126,-283,-97,-1322,-283
-73,-135,-301,-115,-1412,-301
-74,-136,-303,-117,-1422,-303
-84,-146,-323,-137,-1522,-323
-100,-162,-355,-169,-1682,-355
-111,-173,-377,-191,-1792,-377
-112,-174,-379,-193,-1802,-379
-127,-189,-409,-223,-1952,-409
-128,-190,-411,-225,-1962,-411
-137,-199,-429,-243,-2052,-429
-138,-200,-431,-245,-2062,-431
-152,-214,-459,-273,-2202,-459
-153,-215,-461,-275,-2212,-461
-159,-221,-473,-287,-2272,-473
-160,-222,-475,-289,-2282,-475
-165,-227,-485,-299,-2332,-485
-166,-228,-487,-301,-2342,-487
-167,-229,-489,-303,-2352,-489
-168,-230,-491,-305,-2362,-491
-169,-231,-493,-307,-2372,-493
-170,-232,-495,-309,-2382,-495
-175,-237,-505,-319,-2432,-505
-176,-238,-507,-321,-2442,-507
-185,-247,-525,-339,-2532,-525
-186,-248,-527,-341,-2542,-527
-191,-253,-537,-351,-2592,-537
-192,-254,-539,-353,-2602,-539
-209,-271,-573,-387,-2772,-573
-210,-272,-575,-389,-2782,-575
-214,-276,-583,-397,-2822,-583
-215,-277,-585,-399,-2832,-585
-228,-290,-611,-425,-2962,-611
-239,-301,-633,-447,-3072,-633
-240,-302,-635,-449,-3082,-635
-264,-326,-683,-497,-3322,-683
-265,-327,-685,-499,-3332,-685
-275,-337,-705,-519,-3432,-705
-276,-338,-707,-521,-3442,-707
-289,-351,-733,-547,-3572,-733
-290,-352,-735,-549,-3582,-735
-312,-374,-779,-593,-3802,-779
-313,-375,-781,-595,-3812,-781
-324,-386,-803,-617,-3922,-803
-4,-68,-168,24,-744,-168
-14,-78,-188,4,-844,-188
-15,-79,-190,2,-854,-190
-24,-88,-208,-16,-944,-208
-25,-89,-210,-18,-954,-210
-56,-120,-272,-80,-1264,-272
-57,-121,-274,-82,-1274,-274
-62,-126,-284,-92,-1324,-284
-63,-127,-286,-94,-1334,-286
-72,-136,-304,-112,-1424,-304
-73,-137,-306,-114,-1434,-306
-83,-147,-326,-134,-1534,-326
-99,-163,-358,-166,-1694,-358
-110,-174,-380,-188,-1804,-380
-111,-175,-382,-190,-1814,-382
-126,-190,-412,-220,-1964,-412
-127,-191,-414,-222,-1974,-414
-136,-200,-432,-240,-2064,-432
-137,-201,-434,-242,-2074,-434
-151,-215,-462,-270,-2214,-462
-152,-216,-464,-272,-2224,-464
-153,-217,-466,-274,-2234,-466
-158,-222,-476,-284,-2284,-476
-159,-223,-478,-286,-2294,-478
-174,-238,-508,-316,-2444,-508
-175,-239,-510,-318,-2454,-510
-184,-248,-528,-336,-2544,-528
-190,-254,-540,-348,-2604,-540
-191,-255,-542,-350,-2614,-542
-209,-273,-578,-386,-2794,-578
-213,-277,-586,-394,-2834,-586
-227,-291,-614,-422,-2974,-614
-238,-302,-636,-444,-3084,-636
-239,-303,-638,-446,-3094,-638
-263,-327,-686,-494,-3334,-686
-264,-328,-688,-496,-3344,-688
-265,-329,-690,-498,-3354,-690
-274,-338,-708,-516,-3444,-708
-275,-339,-710,-518,-3454,-710
-288,-352,-736,-544,-3584,-736
-302,-366,-764,-572,-3724,-764
-303,-367,-766,-574,-3734,-766
-311,-375,-782,-590,-3814,-782
-312,-376,-784,-592,-3824,-784
-322,-386,-804,-612,-3924,-804
-323,-387,-806,-614,-3934,-806
-4,-70,-173,25,-766,-173
-13,-79,-191,7,-856,-191
-14,-80,-193,5,-866,-193
-23,-89,-211,-13,-956,-211
-24,-90,-213,-15,-966,-213
-34,-100,-233,-35,-1066,-233
-55,-121,-275,-77,-1276,-275
-56,-122,-277,-79,-1286,-277
-61,-127,-287,-89,-1336,-287
-62,-128,-289,-91,-1346,-289
-71,-137,-307,-109,-1436,-307
-72,-138,-309,-111,-1446,-309
-82,-148,-329,-131,-1546,-329
-98,-164,-361,-163,-1706,-361
-109,-175,-383,-185,-1816,-383
-110,-176,-385,-187,-1826,-385
-125,-191,-415,-217,-1976,-415
-126,-192,-417,-219,-1986,-417
-135,-201,-435,-237,-2076,-435
-136,-202,-437,-239,-2086,-437
-150,-216,-465,-267,-2226,-465
-151,-217,-467,-269,-2236,-467
-157,-223,-479,-281,-2296,-479
-158,-224,-481,-283,-2306,-481
-173,-239,-511,-313,-2456,-511
-174,-240,-513,-315,-2466,-513
-182,-248,-529,-331,-2546,-529
-189,-255,-543,-345,-2616,-543
-190,-256,-545,-347,-2626,-545
-208,-274,-581,-383,-2806,-581
-212,-278,-589,-391,-2846,-589
-226,-292,-617,-419,-2986,-617
-237,-303,-639,-441,-3096,-639
-238,-304,-641,-443,-3106,-641
-262,-328,-689,-491,-3346,-689
-263,-329,-691,-493,-3356,-691
-273,-339,-711,-513,-3456,-711
-274,-340,-713,-515,-3466,-713
-286,-352,-737,-539,-3586,-737
-301,-367,-767,-569,-3736,-767
-302,-368,-769,-571,-3746,-769
-310,-376,-785,-587,-3826,-785
-311,-377,-787,-589,-3836,-787
-321,-387,-807,-609,-3936,-807
-4,-72,-178,26,-788,-178
-12,-80,-194,10,-868,-194
-13,-81,-196,8,-878,-196
-22,-90,-214,-10,-968,-214
-23,-91,-216,-12,-978,-216
-33,-101,-236,-32,-1078,-236
-54,-122,-278,-74,-1288,-278
-55,-123,-280,-76,-1298,-280
-60,-128,-290,-86,-1348,-290
-61,-129,-292,-88,-1358,-292
-70,-138,-310,-106,-1448,-310
-71,-139,-312,-108,-1458,-312
-81,-149,-332,-128,-1558,-332
-97,-165,-364,-160,-1718,-364
-108,-176,-386,-182,-1828,-386
-109,-177,-388,-184,-1838,-388
-124,-192,-418,-214,-1988,-418
-125,-193,-420,-216,-1998,-420
-134,-202,-438,-234,-2088,-438
-135,-203,-440,-236,-2098,-440
-149,-217,-468,-264,-2238,-468
-150,-218,-470,-266,-2248,-470
-156,-224,-482,-278,-2308,-482
-157,-225,-484,-280,-2318,-484
-172,-240,-514,-310,-2468,-514
-173,-241,-516,-312,-2478,-516
-180,-248,-530,-326,-2548,-530
-181,-249,-532,-328,-2558,-532
-188,-256,-546,-342,-2628,-546
-189,-257,-548,-344,-2638,-548
-207,-275,-584,-380,-2818,-584
-208,-276,-586,-382,-2828,-586
-209,-277,-588,-384,-2838,-588
-210,-278,-590,-386,-2848,-590
-211,-279,-592,-388,-2858,-592
-225,-293,-620,-416,-2998,-620
-236,-304,-642,-438,-3108,-642
-237,-305,-644,-440,-3118,-644
-261,-329,-692,-488,-3358,-692
-262,-330,-694,-490,-3368,-694
-272,-340,-714,-510,-3468,-714
-273,-341,-716,-512,-3478,-716
-284,-352,-738,-534,-3588,-738
-300,-368,-770,-566,-3748,-770
-301,-369,-772,-568,-3758,-772
-309,-377,-788,-584,-3838,-788
-310,-378,-790,-586,-3848,-790
-319,-387,-808,-604,-3938,-808
-4,-74,-183,27,-810,-183
-11,-81,-197,13,-880,-197
-12,-82,-199,11,-890,-199
-21,-91,-217,-7,-980,-217
-22,-92,-219,-9,-990,-219
-32,-102,-239,-29,-1090,-239
-53,-123,-281,-71,-1300,-281
-54,-124,-283,-73,-1310,-283
-59,-129,-293,-83,-1360,-293
-60,-130,-295,-85,-1370,-295
-69,-139,-313,-103,-1460,-313
-70,-140,-315,-105,-1470,-315
-80,-150,-335,-125,-1570,-335
-96,-166,-367,-157,-1730,-367
-107,-177,-389,-179,-1840,-389
-108,-178,-391,-181,-1850,-391
-123,-193,-421,-211,-2000,-421
-124,-194,-423,-213,-2010,-423
-133,-203,-441,-231,-2100,-441
-134,-204,-443,-233,-2110,-443
-140,-210,-455,-245,-2170,-455
-141,-211,-457,-247,-2180,-457
-142,-212,-459,-249,-2190,-459
-143,-213,-461,-251,-2200,-461
-144,-214,-463,-253,-2210,-463
-145,-215,-465,-255,-2220,-465
-146,-216,-467,-257,-2230,-467
-147,-217,-469,-259,-2240,-469
-148,-218,-471,-261,-2250,-471
-155,-225,-485,-275,-2320,-485
-156,-226,-487,-277,-2330,-487
-157,-227,-489,-279,-2340,-489
-158,-228,-491,-281,-2350,-491
-159,-229,-493,-283,-2360,-493
-160,-230,-495,-285,-2370,-495
-161,-231,-497,-287,-2380,-497
-162,-232,-499,-289,-2390,-499
-163,-233,-501,-291,-2400,-501
-171,-241,-517,-307,-2480,-517
-172,-242,-519,-309,-2490,-519
-178,-248,-531,-321,-2550,-531
-179,-249,-533,-323,-2560,-533
-187,-257,-549,-339,-2640,-549
-188,-258,-551,-341,-2650,-551
-189,-259,-553,-343,-2660,-553
-190,-260,-555,-345,-2670,-555
-191,-261,-557,-347,-2680,-557
-192,-262,-559,-349,-2690,-559
-193,-263,-561,-351,-2700,-561
-194,-264,-563,-353,-2710,-563
-195,-265,-565,-355,-2720,-565
-196,-266,-567,-357,-2730,-567
-197,-267,-569,-359,-2740,-569
-207,-277,-589,-379,-2840,-589
-208,-278,-591,-381,-2850,-591
-209,-279,-593,-383,-2860,-593
-210,-280,-595,-385,-2870,-595
-224,-294,-623,-413,-3010,-623
-235,-305,-645,-435,-3120,-645
-236,-306,-647,-437,-3130,-647
-237,-307,-649,-439,-3140,-649
-238,-308,-651,-441,-3150,-651
-239,-309,-653,-443,-3160,-653
-240,-310,-655,-445,-3170,-655
-241,-311,-657,-447,-3180,-657
-242,-312,-659,-449,-3190,-659
-243,-313,-661,-451,-3200,-661
-244,-314,-663,-453,-3210,-663
-245,-315,-665,-455,-3220,-665
-252,-322,-679,-469,-3290,-679
-253,-323,-681,-471,-3300,-681
-254,-324,-683,-473,-3310,-683
-255,-325,-685,-475,-3320,-685
-256,-326,-687,-477,-3330,-687
-257,-327,-689,-479,-3340,-689
-258,-328,-691,-481,-3350,-691
-259,-329,-693,-483,-3360,-693
-260,-330,-695,-485,-3370,-695
-271,-341,-717,-507,-3480,-717
-272,-342,-719,-509,-3490,-719
-273,-343,-721,-511,-3500,-721
-274,-344,-723,-513,-3510,-723
-275,-345,-725,-515,-3520,-725
-276,-346,-727,-517,-3530,-727
-283,-353,-741,-531,-3600,-741
-299,-369,-773,-563,-3760,-773
-300,-370,-775,-565,-3770,-775
-305,-375,-785,-575,-3820,-785
-306,-376,-787,-577,-3830,-787
-307,-377,-789,-579,-3840,-789
-308,-378,-791,-581,-3850,-791
-317,-387,-809,-599,-3940,-809
-3,-75,-186,30,-822,-186
-10,-82,-200,16,-892,-200
-11,-83,-202,14,-902,-202
-20,-92,-220,-4,-992,-220
-21,-93,-222,-6,-1002,-222
-31,-103,-242,-26,-1102,-242
-52,-124,-284,-68,-1312,-284
-53,-125,-286,-70,-1322,-286
-58,-130,-296,-80,-1372,-296
-59,-131,-298,-82,-1382,-298
-68,-140,-316,-100,-1472,-316
-69,-141,-318,-102,-1482,-318
-76,-148,-332,-116,-1552,-332
-77,-149,-334,-118,-1562,-334
-78,-150,-336,-120,-1572,-336
-79,-151,-338,-122,-1582,-338
-80,-152,-340,-124,-1592,-340
-81,-153,-342,-126,-1602,-342
-92,-164,-364,-148,-1712,-364
-93,-165,-366,-150,-1722,-366
-94,-166,-368,-152,-1732,-368
-95,-167,-370,-154,-1742,-370
-96,-168,-372,-156,-1752,-372
-97,-169,-374,-158,-1762,-374
-106,-178,-392,-176,-1852,-392
-107,-179,-394,-178,-1862,-394
-108,-180,-396,-180,-1872,-396
-109,-181,-398,-182,-1882,-398
-110,-182,-400,-184,-1892,-400
-111,-183,-402,-186,-1902,-402
-112,-184,-404,-188,-1912,-404
-113,-185,-406,-190,-1922,-406
-114,-186,-408,-192,-1932,-408
-115,-187,-410,-194,-1942,-410
-116,-188,-412,-196,-1952,-412
-117,-189,-414,-198,-1962,-414
-122,-194,-424,-208,-2012,-424
-123,-195,-426,-210,-2022,-426
-132,-204,-444,-228,-2112,-444
-133,-205,-446,-230,-2122,-446
-139,-211,-458,-242,-2182,-458
-140,-212,-460,-244,-2192,-460
-141,-213,-462,-246,-2202,-462
-142,-214,-464,-248,-2212,-464
-143,-215,-466,-250,-2222,-466
-144,-216,-468,-252,-2232,-468
-145,-217,-470,-254,-2242,-470
-146,-218,-472,-256,-2252,-472
-147,-219,-474,-258,-2262,-474
-155,-227,-490,-274,-2342,-490
-156,-228,-492,-276,-2352,-492
-157,-229,-494,-278,-2362,-494
-158,-230,-496,-280,-2372,-496
-159,-231,-498,-282,-2382,-498
-160,-232,-500,-284,-2392,-500
-161,-233,-502,-286,-2402,-502
-162,-234,-504,-288,-2412,-504
-163,-235,-506,-290,-2422,-506
-164,-236,-508,-292,-2432,-508
-165,-237,-510,-294,-2442,-510
-170,-242,-520,-304,-2492,-520
-171,-243,-522,-306,-2502,-522
-172,-244,-524,-308,-2512,-524
-173,-245,-526,-310,-2522,-526
-174,-246,-528,-312,-2532,-528
-175,-247,-530,-314,-2542,-530
-176,-248,-532,-316,-2552,-532
-177,-249,-534,-318,-2562,-534
-188,-260,-556,-340,-2672,-556
-189,-261,-558,-342,-2682,-558
-190,-262,-560,-344,-2692,-560
-191,-263,-562,-346,-2702,-562
-192,-264,-564,-348,-2712,-564
-193,-265,-566,-350,-2722,-566
-194,-266,-568,-352,-2732,-568
-195,-267,-570,-354,-2742,-570
-196,-268,-572,-356,-2752,-572
-206,-278,-592,-376,-2852,-592
-207,-279,-594,-378,-2862,-594
-208,-280,-596,-380,-2872,-596
-223,-295,-626,-410,-3022,-626
-236,-308,-652,-436,-3152,-652
-237,-309,-654,-438,-3162,-654
-238,-310,-656,-440,-3172,-656
-239,-311,-658,-442,-3182,-658
-240,-312,-660,-444,-3192,-660
-241,-313,-662,-446,-3202,-662
-242,-314,-664,-448,-3212,-664
-243,-315,-666,-450,-3222,-666
-244,-316,-668,-452,-3232,-668
-251,-323,-682,-466,-3302,-682
-252,-324,-684,-468,-3312,-684
-253,-325,-686,-470,-3322,-686
-254,-326,-688,-472,-3332,-688
-255,-327,-690,-474,-3342,-690
-256,-328,-692,-476,-3352,-692
-257,-329,-694,-478,-3362,-694
-258,-330,-696,-480,-3372,-696
-259,-331,-698,-482,-3382,-698
-271,-343,-722,-506,-3502,-722
-272,-344,-724,-508,-3512,-724
-273,-345,-726,-510,-3522,-726
-274,-346,-728,-512,-3532,-728
-275,-347,-730,-514,-3542,-730
-276,-348,-732,-516,-3552,-732
-277,-349,-734,-518,-3562,-734
-282,-354,-744,-528,-3612,-744
-283,-355,-746,-530,-3622,-746
-284,-356,-748,-532,-3632,-748
-285,-357,-750,-534,-3642,-750
-286,-358,-752,-536,-3652,-752
-287,-359,-754,-538,-3662,-754
-288,-360,-756,-540,-3672,-756
-289,-361,-758,-542,-3682,-758
-290,-362,-760,-544,-3692,-760
-291,-363,-762,-546,-3702,-762
-292,-364,-764,-548,-3712,-764
-293,-365,-766,-550,-3722,-766
-299,-371,-778,-562,-3782,-778
-300,-372,-780,-564,-3792,-780
-301,-373,-782,-566,-3802,-782
-302,-374,-784,-568,-3812,-784
-303,-375,-786,-570,-3822,-786
-304,-376,-788,-572,-3832,-788
-305,-377,-790,-574,-3842,-790
-306,-378,-792,-576,-3852,-792
-307,-379,-794,-578,-3862,-794
-316,-388,-812,-596,-3952,-812
